{"leftMiddleMCPPos": [{"x": -2.55963134765625, "y": -0.12941604852676392, "z": 3.398163080215454}], "rightMiddleMCPPos": [{"x": -2.55963134765625, "y": -0.12941604852676392, "z": 3.398163080215454}], "spineUpperPos": [{"x": -2.324795722961426, "y": -0.15642809867858887, "z": 3.1730899810791016}]}