{"leftMiddleMCPPos": [{"x": -2.536278009414673, "y": -0.09844505786895752, "z": 3.394660472869873}, {"x": -2.539762258529663, "y": -0.10636818408966064, "z": 3.397304058074951}], "rightMiddleMCPPos": [{"x": -2.536278009414673, "y": -0.09844505786895752, "z": 3.394660472869873}, {"x": -2.539762258529663, "y": -0.10636818408966064, "z": 3.397304058074951}], "spineUpperPos": [{"x": -2.3266923427581787, "y": -0.14616042375564575, "z": 3.1773409843444824}, {"x": -2.327017068862915, "y": -0.14673948287963867, "z": 3.176725149154663}]}