{"leftMiddleMCPPos": [{"x": -2.4818003177642822, "y": -0.09385943412780762, "z": 3.4103827476501465}, {"x": -2.48203182220459, "y": -0.0957404375076294, "z": 3.411104679107666}], "rightMiddleMCPPos": [{"x": -2.4818003177642822, "y": -0.09385943412780762, "z": 3.4103827476501465}, {"x": -2.48203182220459, "y": -0.0957404375076294, "z": 3.411104679107666}], "spineUpperPos": [{"x": -2.349200487136841, "y": -0.1938471794128418, "z": 3.18192458152771}, {"x": -2.348672389984131, "y": -0.19384765625, "z": 3.1824707984924316}]}