{"leftMiddleMCPPos": [{"x": -2.524533748626709, "y": -0.1632501482963562, "z": 3.354118824005127}, {"x": -2.5249178409576416, "y": -0.16198623180389404, "z": 3.3537912368774414}], "rightMiddleMCPPos": [{"x": -2.524533748626709, "y": -0.1632501482963562, "z": 3.354118824005127}, {"x": -2.5249178409576416, "y": -0.16198623180389404, "z": 3.3537912368774414}], "spineUpperPos": [{"x": -2.3267037868499756, "y": -0.1400911808013916, "z": 3.145272731781006}, {"x": -2.3264200687408447, "y": -0.1398271918296814, "z": 3.145418405532837}]}