{"leftMiddleMCPPos": [{"x": -2.5311672687530518, "y": -0.11277258396148682, "z": 3.3996071815490723}], "rightMiddleMCPPos": [{"x": -2.5311672687530518, "y": -0.11277258396148682, "z": 3.3996071815490723}], "spineUpperPos": [{"x": -2.3305790424346924, "y": -0.1639777421951294, "z": 3.1723272800445557}]}