{"leftRelative": [{"x": -0.1978299617767334, "y": -0.0231589674949646, "z": 0.2088460922241211}, {"x": -0.19849777221679688, "y": -0.022159039974212646, "z": 0.2083728313446045}], "rightRelative": [{"x": 0.1586167812347412, "y": -0.0014181137084960938, "z": 0.23366975784301758}, {"x": 0.15975332260131836, "y": 0.0006262660026550293, "z": 0.23294401168823242}]}