{"leftRelative": [{"x": -0.23483562469482422, "y": 0.02701205015182495, "z": 0.22507309913635254}], "rightRelative": [{"x": 0.15925002098083496, "y": 0.04451489448547363, "z": 0.24309110641479492}]}