{"leftRelative": [{"x": -0.1325998306274414, "y": 0.09998774528503418, "z": 0.22845816612243652}, {"x": -0.13335943222045898, "y": 0.0981072187423706, "z": 0.22863388061523438}], "rightRelative": [{"x": 0.13103365898132324, "y": 0.0914391279220581, "z": 0.2400345802307129}, {"x": 0.13066530227661133, "y": 0.09101641178131104, "z": 0.2394559383392334}]}