{"leftRelative": [{"x": -0.20958566665649414, "y": 0.04771536588668823, "z": 0.21731948852539062}, {"x": -0.21274518966674805, "y": 0.04037129878997803, "z": 0.22057890892028809}], "rightRelative": [{"x": 0.08256673812866211, "y": 0.060740768909454346, "z": 0.3303039073944092}, {"x": 0.07942771911621094, "y": 0.06288349628448486, "z": 0.3286252021789551}]}