{"leftRelative": [{"x": -0.20058822631835938, "y": 0.05120515823364258, "z": 0.2272799015045166}], "rightRelative": [{"x": 0.17090392112731934, "y": 0.023576974868774414, "z": 0.23165225982666016}]}