{
    "instructions": [
        "1. Using your affect arm, grab fork1 and put it in the box",
        "2. Put fork1 back to its initial spot",
        "3. grab fork2 and put it in the box",
        "4. Put fork2 back to its initial spot",
        "5. grab fork3 and put it in the box",
        "6. Put fork3 back to its initial spot"
    ],
    "setup": {
        "Shelf1": [
            [
                0.978138,
                0.273464739,
                -1.22418571
            ],
            [
                0,
                335.999969,
                0
            ],
            [
                1,
                1,
                1
            ]
        ],
        "Box1": [
            [
                0.957735062,
                0.2806393,
                -1.05580938
            ],
            [
                0,
                336,
                0
            ],
            [
                0.15,
                0.15,
                0.15
            ]
        ],
        "Init_object_pos1": [
            [
                1.0387069,
                0.288464755,
                -1.21312
            ],
            [
                0,
                0,
                0
            ],
            [
                1,
                1,
                1
            ]
        ],
        "Init_object_pos2": [
            [
                0.82302475,
                0.288464755,
                -1.25262856
            ],
            [
                0,
                0,
                0
            ],
            [
                1,
                1,
                1
            ]
        ],
        "Init_object_pos3": [
            [
                0.6255573,
                0.288464755,
                -1.33134031
            ],
            [
                0,
                0,
                0
            ],
            [
                1,
                1,
                1
            ]
        ],
        "Fork1": [
            [
                1.04301476,
                0.2888372,
                -1.21800029
            ],
            [
                0,
                0,
                0
            ],
            [
                1,
                1,
                1
            ]
        ],
        "Fork2": [
            [
                0.814020157,
                0.29346475,
                -1.21950734
            ],
            [
                0,
                0,
                0
            ],
            [
                1,
                1,
                1
            ]
        ],
        "Fork3": [
            [
                0.6303334,
                0.288464755,
                -1.34734607
            ],
            [
                0,
                0,
                0
            ],
            [
                1,
                1,
                1
            ]
        ]
    }
}