{
    "setup": {
        "real_obj_placeholder1": [
            [
                0.326971948,
                -0.537628233,
                0.4644565
            ],
            [
                0,
                0,
                0
            ],
            [
                0.1,
                0.1,
                0.1
            ]
        ],
        "real_obj_placeholder2": [
            [
                0.256738126,
                -0.537628233,
                0.633601069
            ],
            [
                0,
                0,
                0
            ],
            [
                0.1,
                0.1,
                0.1
            ]
        ],
        "real_obj_placeholder3": [
            [
                0.05147794,
                -0.537628233,
                0.7394304
            ],
            [
                0,
                0,
                0
            ],
            [
                0.1,
                0.1,
                0.1
            ]
        ],
        "real_obj_placeholder4": [
            [
                -0.173487455,
                -0.537628233,
                0.6151452
            ],
            [
                0,
                0,
                0
            ],
            [
                0.1,
                0.1,
                0.1
            ]
        ],
        "real_obj_placeholder5": [
            [
                -0.253140241,
                -0.537628233,
                0.430084854
            ],
            [
                0,
                0,
                0
            ],
            [
                0.1,
                0.1,
                0.1
            ]
        ]
    },
    "instruction": [
        "1. place the right hand at the placeholder1",
        "2. bring your right hand to your mouth",
        "3. return the hand to its initial position",
        "4. repeat steps 1-3 4 more times for placeholders 2-5"
    ]
}